ontology_curie	biosample_name	biosample_type	biosample_life_stage	gtex_tissue	available_outputs	total_tracks
CL:0000047	neuronal stem cell	in_vitro_differentiated_cells	embryonic		cage,chip_histone,dnase,rna_seq,splice_junctions,splice_site_usage	19
CL:0000062	osteoblast	primary_cell	adult		cage,chip_histone,chip_tf,rna_seq,splice_junctions,splice_site_usage	17
CL:0000077	mesothelial cell	primary_cell			cage	4
CL:0000084	T-cell	primary_cell	adult		atac,chip_histone,dnase,rna_seq,splice_junctions,splice_site_usage	18
CL:0000097	mast cell	primary_cell			cage	2
CL:0000100	motor neuron	in_vitro_differentiated_cells	adult		atac,chip_histone,rna_seq,splice_junctions,splice_site_usage	8
CL:0000115	endothelial cell	in_vitro_differentiated_cells	adult		chip_tf,dnase,rna_seq,splice_junctions,splice_site_usage	7
CL:0000121	Purkinje cell	primary_cell	child		rna_seq,splice_junctions,splice_site_usage	4
CL:0000127	astrocyte	primary_cell	unknown		chip_histone,chip_tf,dnase,rna_seq,splice_junctions,splice_site_usage	18
CL:0000134	mesenchymal stem cell	in_vitro_differentiated_cells	embryonic		cage,chip_histone,dnase,rna_seq,splice_junctions,splice_site_usage	22
CL:0000136	fat cell	primary_cell	unknown		cage,chip_histone,dnase	9
CL:0000137	osteocyte	in_vitro_differentiated_cells	embryonic		chip_tf,rna_seq,splice_junctions,splice_site_usage	6
CL:0000138	chondrocyte	in_vitro_differentiated_cells	embryonic		cage,chip_tf,dnase,rna_seq,splice_junctions,splice_site_usage	9
CL:0000169	type B pancreatic cell	in_vitro_differentiated_cells	embryonic		chip_tf,rna_seq,splice_junctions,splice_site_usage	6
CL:0000182	hepatocyte	in_vitro_differentiated_cells	embryonic		cage,chip_histone,chip_tf,dnase,rna_seq,splice_junctions,splice_site_usage	20
CL:0000187	myocyte	in_vitro_differentiated_cells	adult		dnase,rna_seq,splice_junctions,splice_site_usage	10
CL:0000188	cell of skeletal muscle	primary_cell	unknown		cage,chip_histone,dnase	4
CL:0000192	smooth muscle cell	in_vitro_differentiated_cells	embryonic		chip_histone,rna_seq,splice_junctions,splice_site_usage	18
CL:0000214	synovial cell	primary_cell			cage	2
CL:0000216	Sertoli cell	primary_cell			cage	2
CL:0000221	ectodermal cell	in_vitro_differentiated_cells	embryonic		chip_histone,rna_seq,splice_junctions,splice_site_usage	9
CL:0000222	mesodermal cell	in_vitro_differentiated_cells	embryonic		chip_histone,rna_seq,splice_junctions,splice_site_usage	10
CL:0000223	endodermal cell	in_vitro_differentiated_cells	embryonic		chip_histone,chip_tf,dnase,rna_seq,splice_junctions,splice_site_usage	18
CL:0000235	macrophage	primary_cell			cage	2
CL:0000236	B cell	primary_cell	adult		atac,chip_histone,chip_tf,dnase,rna_seq,splice_junctions,splice_site_usage	23
CL:0000307	tracheal epithelial cell	primary_cell	adult		cage,rna_seq,splice_junctions,splice_site_usage	7
CL:0000312	keratinocyte	primary_cell	unknown		cage,chip_histone,chip_tf,dnase,rna_seq,splice_junctions,splice_site_usage	19
CL:0000322	pneumocyte	primary_cell			cage	2
CL:0000346	hair follicle dermal papilla cell	primary_cell	adult		rna_seq,splice_junctions,splice_site_usage	5
CL:0000351	trophoblast cell	in_vitro_differentiated_cells	embryonic		chip_histone,dnase,rna_seq,splice_junctions,splice_site_usage	20
CL:0000388	tendon cell	primary_cell			cage	2
CL:0000453	Langerhans cell	primary_cell			cage	2
CL:0000515	skeletal muscle myoblast	primary_cell	unknown		cage,chip_histone,chip_tf,dnase,rna_seq,splice_junctions,splice_site_usage	22
CL:0000540	neuron	primary_cell	embryonic		cage,chip_histone	7
CL:0000545	T-helper 1 cell	primary_cell	adult		dnase	1
CL:0000546	T-helper 2 cell	primary_cell	adult		dnase	1
CL:0000558	reticulocyte	primary_cell			cage	2
CL:0000569	cardiac mesenchymal cell	primary_cell			cage	2
CL:0000575	corneal epithelial cell	primary_cell			cage	2
CL:0000576	monocyte	primary_cell			cage	2
CL:0000594	skeletal muscle satellite cell	primary_cell	adult		cage,chip_histone,rna_seq,splice_junctions,splice_site_usage	13
CL:0000623	natural killer cell	primary_cell	adult		atac,cage,chip_histone,chip_tf,dnase,rna_seq,splice_junctions,splice_site_usage	20
CL:0000624	CD4-positive, alpha-beta T cell	primary_cell	adult		atac,chip_histone,chip_tf,dnase,rna_seq,splice_junctions,splice_site_usage	18
CL:0000625	CD8-positive, alpha-beta T cell	primary_cell	adult		atac,chip_histone,chip_tf,dnase,rna_seq,splice_junctions,splice_site_usage	19
CL:0000632	hepatic stellate cell	primary_cell	adult		dnase	1
CL:0000650	mesangial cell	primary_cell	unknown,embryonic		cage,rna_seq,splice_junctions,splice_site_usage	7
CL:0000653	glomerular visceral epithelial cell	primary_cell	child		dnase	1
CL:0000679	glutamatergic neuron	in_vitro_differentiated_cells	adult		chip_tf,dnase,rna_seq,splice_junctions,splice_site_usage	11
CL:0000706	choroid plexus epithelial cell	primary_cell	unknown		chip_histone,chip_tf,dnase	3
CL:0000708	leptomeningeal cell	primary_cell			cage	2
CL:0000731	urothelial cell	primary_cell			cage	2
CL:0000746	cardiac muscle cell	in_vitro_differentiated_cells	embryonic		cage,chip_histone,chip_tf,dnase,rna_seq,splice_junctions,splice_site_usage	18
CL:0000765	erythroblast	primary_cell	unknown		chip_tf	1
CL:0000767	basophil	primary_cell			cage	4
CL:0000771	eosinophil	primary_cell			cage	2
CL:0000775	neutrophil	primary_cell	unknown		cage,chip_histone,chip_tf	11
CL:0000784	plasmacytoid dendritic cell	primary_cell			cage	4
CL:0000787	memory B cell	primary_cell	adult		atac,dnase	2
CL:0000788	naive B cell	primary_cell	unknown		atac,dnase,rna_seq,splice_junctions,splice_site_usage	6
CL:0000792	CD4-positive, CD25-positive, alpha-beta regulatory T cell	primary_cell	adult		atac,chip_histone,dnase,rna_seq,splice_junctions,splice_site_usage	14
CL:0000798	gamma-delta T cell	primary_cell			cage	2
CL:0000823	immature natural killer cell	primary_cell	unknown		dnase,rna_seq,splice_junctions,splice_site_usage	5
CL:0000837	hematopoietic multipotent progenitor cell	in_vitro_differentiated_cells	unknown		dnase,rna_seq,splice_junctions,splice_site_usage	6
CL:0000840	immature conventional dendritic cell	primary_cell			cage	4
CL:0000842	mononuclear cell	primary_cell	adult		chip_histone,rna_seq,splice_junctions,splice_site_usage	8
CL:0000862	suppressor macrophage	primary_cell	adult		dnase	1
CL:0000863	inflammatory macrophage	primary_cell	adult		dnase	1
CL:0000895	naive thymus-derived CD4-positive, alpha-beta T cell	primary_cell	adult		atac,cage,chip_histone,dnase,rna_seq,splice_junctions,splice_site_usage	17
CL:0000897	CD4-positive, alpha-beta memory T cell	primary_cell	adult		chip_histone,dnase,rna_seq,splice_junctions,splice_site_usage	14
CL:0000899	T-helper 17 cell	primary_cell	adult		atac,dnase,rna_seq	4
CL:0000900	naive thymus-derived CD8-positive, alpha-beta T cell	primary_cell	adult		atac,dnase,rna_seq,splice_junctions,splice_site_usage	11
CL:0000904	central memory CD4-positive, alpha-beta T cell	primary_cell	adult		dnase	1
CL:0000905	effector memory CD4-positive, alpha-beta T cell	primary_cell	adult		chip_histone,dnase	4
CL:0000907	central memory CD8-positive, alpha-beta T cell	primary_cell	adult		atac,dnase	2
CL:0000909	CD8-positive, alpha-beta memory T cell	primary_cell	adult		chip_histone,dnase,rna_seq,splice_junctions,splice_site_usage	14
CL:0000913	effector memory CD8-positive, alpha-beta T cell	primary_cell	adult		atac,dnase	2
CL:0001016	immature CD1a-positive Langerhans cell	primary_cell			cage	2
CL:0001042	T-helper 22 cell	primary_cell	adult		dnase	1
CL:0001044	effector CD4-positive, alpha-beta T cell	primary_cell	adult		dnase	1
CL:0001053	IgD-negative memory B cell	primary_cell	unknown		rna_seq,splice_junctions,splice_site_usage	4
CL:0001054	CD14-positive monocyte	primary_cell	adult		chip_histone,chip_tf,dnase,rna_seq,splice_junctions,splice_site_usage	19
CL:0001059	common myeloid progenitor, CD34-positive	primary_cell	adult		chip_histone,dnase,rna_seq,splice_junctions,splice_site_usage	11
CL:0002038	T follicular helper cell	primary_cell	adult		dnase	1
CL:0002057	CD14-positive, CD16-negative classical monocyte	primary_cell			cage	2
CL:0002061	T-helper 9 cell	primary_cell	adult		dnase	1
CL:0002092	bone marrow cell	primary_cell			cage	2
CL:0002098	regular cardiac myocyte	primary_cell	adult		rna_seq,splice_junctions,splice_site_usage	5
CL:0002138	endothelial cell of lymphatic vessel	primary_cell			cage	2
CL:0002140	acinar cell of sebaceous gland	primary_cell			cage	2
CL:0002144	capillary endothelial cell	primary_cell			cage	2
CL:0002166	epithelial cell of Malassez	primary_cell			cage	4
CL:0002167	olfactory epithelial cell	primary_cell			cage	4
CL:0002188	glomerular endothelial cell	primary_cell	embryonic		cage,rna_seq,splice_junctions,splice_site_usage	7
CL:0002193	myelocyte	primary_cell			cage	2
CL:0002224	lens epithelial cell	primary_cell			cage	2
CL:0002231	epithelial cell of prostate	primary_cell	unknown		cage,chip_histone,chip_tf,dnase	5
CL:0002252	epithelial cell of esophagus	primary_cell	unknown		cage,chip_histone,dnase	4
CL:0002304	non-pigmented ciliary epithelial cell	primary_cell	unknown		cage,dnase	3
CL:0002306	epithelial cell of proximal tubule	primary_cell	unknown		cage,chip_histone,chip_tf,dnase,rna_seq,splice_junctions,splice_site_usage	10
CL:0002319	neural cell	in_vitro_differentiated_cells	embryonic		chip_histone,chip_tf,rna_seq,splice_junctions,splice_site_usage	14
CL:0002324	myoepithelial cell of mammary gland	primary_cell	adult		chip_histone,rna_seq,splice_junctions,splice_site_usage	11
CL:0002326	luminal epithelial cell of mammary gland	primary_cell	adult		chip_histone,rna_seq,splice_junctions,splice_site_usage	9
CL:0002327	mammary epithelial cell	primary_cell	adult		cage,chip_histone,chip_tf,dnase,rna_seq,splice_junctions,splice_site_usage	25
CL:0002328	bronchial epithelial cell	primary_cell	adult		cage,chip_histone,chip_tf,dnase,rna_seq,splice_junctions,splice_site_usage	11
CL:0002351	progenitor cell of endocrine pancreas	in_vitro_differentiated_cells	embryonic		chip_tf,dnase,rna_seq,splice_junctions,splice_site_usage	7
CL:0002363	keratocyte	primary_cell			cage	2
CL:0002366	myometrial cell	primary_cell	adult		rna_seq,splice_junctions,splice_site_usage	5
CL:0002367	trabecular meshwork cell	primary_cell			cage	2
CL:0002368	airway epithelial cell	primary_cell	unknown		cage,rna_seq,splice_junctions,splice_site_usage	7
CL:0002372	myotube	in_vitro_differentiated_cells	unknown		cage,chip_histone,dnase,rna_seq,splice_junctions,splice_site_usage	17
CL:0002397	CD14-positive, CD16-positive monocyte	primary_cell			cage	4
CL:0002451	mammary stem cell	primary_cell	adult		rna_seq,splice_junctions,splice_site_usage	5
CL:0002453	oligodendrocyte precursor cell	primary_cell			cage	2
CL:0002504	enteric smooth muscle cell	primary_cell			cage	2
CL:0002518	kidney epithelial cell	primary_cell	embryonic,newborn		chip_histone,chip_tf,dnase,rna_seq,splice_junctions,splice_site_usage	9
CL:0002521	subcutaneous fat cell	primary_cell			cage	2
CL:0002536	amniotic epithelial cell	primary_cell	unknown		cage,dnase	3
CL:0002537	amnion mesenchymal stem cell	primary_cell			cage	2
CL:0002539	aortic smooth muscle cell	primary_cell	adult		cage,rna_seq,splice_junctions,splice_site_usage	7
CL:0002540	mesenchymal stem cell of the bone marrow	primary_cell	adult		cage,rna_seq,splice_junctions,splice_site_usage	7
CL:0002543	vein endothelial cell	primary_cell	adult		cage,rna_seq,splice_junctions,splice_site_usage	7
CL:0002544	aortic endothelial cell	primary_cell			cage	2
CL:0002545	thoracic aorta endothelial cell	primary_cell	adult		cage,rna_seq,splice_junctions,splice_site_usage	7
CL:0002547	fibroblast of the aortic adventitia	primary_cell	adult		cage,chip_histone,chip_tf,dnase,rna_seq,splice_junctions,splice_site_usage	10
CL:0002548	cardiac fibroblast	primary_cell	adult		cage,chip_histone,chip_tf,dnase	5
CL:0002549	fibroblast of choroid plexus	primary_cell			cage	2
CL:0002550	fibroblast of the conjuctiva	primary_cell	unknown		cage,dnase	3
CL:0002551	fibroblast of dermis	primary_cell	adult		cage,chip_histone,chip_tf,dnase,rna_seq,splice_junctions,splice_site_usage	16
CL:0002552	fibroblast of gingiva	primary_cell	unknown		cage,dnase	3
CL:0002553	fibroblast of lung	primary_cell	adult		cage,chip_histone,chip_tf,dnase,rna_seq,splice_junctions,splice_site_usage	23
CL:0002554	fibroblast of lymphatic vessel	primary_cell			cage	2
CL:0002555	fibroblast of mammary gland	primary_cell	unknown		cage,chip_histone,chip_tf,dnase	5
CL:0002556	fibroblast of periodontium	primary_cell			cage	2
CL:0002557	fibroblast of pulmonary artery	primary_cell	unknown		cage,chip_histone,chip_tf,dnase	5
CL:0002558	fibroblast of villous mesenchyme	primary_cell	newborn		cage,chip_histone,chip_tf,dnase,rna_seq,splice_junctions,splice_site_usage	10
CL:0002561	outer root sheath cell	primary_cell			cage	2
CL:0002563	intestinal epithelial cell	primary_cell			cage	2
CL:0002564	nucleus pulposus cell of intervertebral disc	primary_cell			cage	2
CL:0002565	iris pigment epithelial cell	primary_cell	unknown		cage,dnase	3
CL:0002566	dark melanocyte	primary_cell			cage	2
CL:0002567	light melanocyte	primary_cell			cage	2
CL:0002568	mesenchymal stem cell of Wharton's jelly	primary_cell	newborn		cage,rna_seq,splice_junctions,splice_site_usage	7
CL:0002569	mesenchymal stem cell of umbilical cord	primary_cell			cage	2
CL:0002570	mesenchymal stem cell of adipose	primary_cell	adult		cage,rna_seq,splice_junctions,splice_site_usage	7
CL:0002571	hepatic mesenchymal stem cell	primary_cell			cage	2
CL:0002572	vertebral mesenchymal stem cell	primary_cell			cage	2
CL:0002573	Schwann cell	primary_cell			cage	2
CL:0002574	stromal cell of pancreas	primary_cell			cage	2
CL:0002575	central nervous system pericyte	primary_cell			cage	2
CL:0002576	perineural cell	primary_cell			cage	2
CL:0002577	placental epithelial cell	primary_cell	newborn		cage,rna_seq,splice_junctions,splice_site_usage	7
CL:0002579	omentum preadipocyte	primary_cell			cage	2
CL:0002580	preadipocyte of the breast	primary_cell			cage	2
CL:0002581	perirenal preadipocyte	primary_cell			cage	2
CL:0002582	visceral preadipocyte	primary_cell			cage	2
CL:0002583	subcutaneous preadipocyte	primary_cell	adult		cage,rna_seq,splice_junctions,splice_site_usage	7
CL:0002584	renal cortical epithelial cell	primary_cell	adult		cage,dnase,rna_seq,splice_junctions,splice_site_usage	8
CL:0002586	retinal pigment epithelial cell	primary_cell	unknown		cage,chip_histone,chip_tf,dnase	5
CL:0002588	smooth muscle cell of the umbilical vein	primary_cell			cage	2
CL:0002589	smooth muscle cell of the brachiocephalic vasculature	primary_cell			cage	2
CL:0002590	smooth muscle cell of the brain vasculature	primary_cell	unknown		cage,dnase	3
CL:0002591	smooth muscle cell of the pulmonary artery	primary_cell	adult		cage,rna_seq,splice_junctions,splice_site_usage	7
CL:0002592	smooth muscle cell of the coronary artery	primary_cell	adult		cage,rna_seq,splice_junctions,splice_site_usage	7
CL:0002593	smooth muscle cell of the internal thoracic artery	primary_cell			cage	2
CL:0002594	smooth muscle cell of the umbilical artery	primary_cell	newborn		cage,rna_seq,splice_junctions,splice_site_usage	7
CL:0002595	smooth muscle cell of the subclavian artery	primary_cell			cage	2
CL:0002596	smooth muscle cell of the carotid artery	primary_cell			cage	2
CL:0002597	smooth muscle cell of bladder	primary_cell	adult		cage,rna_seq,splice_junctions,splice_site_usage	7
CL:0002598	bronchial smooth muscle cell	primary_cell	adult		cage,rna_seq,splice_junctions,splice_site_usage	7
CL:0002599	smooth muscle cell of the esophagus	primary_cell			cage	2
CL:0002600	smooth muscle cell of trachea	primary_cell	adult		cage,rna_seq,splice_junctions,splice_site_usage	7
CL:0002601	uterine smooth muscle cell	primary_cell	adult		cage,rna_seq,splice_junctions,splice_site_usage	7
CL:0002602	annulus pulposus cell	primary_cell			cage	2
CL:0002603	astrocyte of the cerebellum	primary_cell	unknown		cage,chip_histone,dnase	4
CL:0002604	astrocyte of the hippocampus	primary_cell	unknown		dnase	1
CL:0002605	astrocyte of the cerebral cortex	primary_cell			cage	2
CL:0002606	astrocyte of the spinal cord	primary_cell	unknown		chip_histone,chip_tf,dnase	3
CL:0002615	adipocyte of omentum tissue	primary_cell			cage	2
CL:0002616	perirenal adipocyte cell	primary_cell			cage	2
CL:0002617	adipocyte of breast	primary_cell			cage	2
CL:0002618	endothelial cell of umbilical vein	primary_cell	newborn		cage,chip_histone,chip_tf,dnase,procap,rna_seq,splice_junctions,splice_site_usage	33
CL:0002620	skin fibroblast	primary_cell			cage,contact_maps	3
CL:0002621	gingival epithelial cell	primary_cell			cage	2
CL:0002622	prostate stromal cell	primary_cell			cage	2
CL:0002623	acinar cell of salivary gland	primary_cell			cage	2
CL:0002677	naive regulatory T cell	primary_cell			cage	4
CL:0010001	stromal cell of bone marrow	primary_cell	unknown		dnase	1
CL:0010002	epithelial cell of umbilical artery	primary_cell	newborn		rna_seq,splice_junctions,splice_site_usage	5
CL:0010003	epithelial cell of alveolus of lung	primary_cell	unknown,embryonic		rna_seq,splice_junctions,splice_site_usage	5
CL:0011012	neural crest cell	in_vitro_differentiated_cells	embryonic		chip_tf,dnase,rna_seq,splice_junctions,splice_site_usage	7
CL:0011019	mesothelial cell of epicardium	in_vitro_differentiated_cells	embryonic		chip_tf,dnase,rna_seq,splice_junctions,splice_site_usage	7
CL:0011020	neural progenitor cell	in_vitro_differentiated_cells	embryonic		chip_histone,chip_tf,dnase,rna_seq,splice_junctions,splice_site_usage	18
CL:0011021	fibroblast of upper back skin	primary_cell	embryonic		dnase	1
CL:0011022	fibroblast of skin of back	primary_cell	embryonic		dnase,rna_seq,splice_junctions,splice_site_usage	5
CL:1000280	smooth muscle cell of colon	primary_cell			cage	2
CL:1000413	endothelial cell of artery	primary_cell			cage	2
CL:1000428	stem cell of epidermis	primary_cell			cage	2
CL:1000458	melanocyte of skin	primary_cell	adult		rna_seq,splice_junctions,splice_site_usage	5
CL:1000487	smooth muscle cell of prostate	primary_cell			cage	2
CL:1000494	nephron tubule epithelial cell	primary_cell			cage	2
CL:1000507	kidney tubule cell	primary_cell	adult		dnase	1
CL:1000892	kidney capillary endothelial cell	primary_cell	embryonic		dnase	1
CL:1001568	pulmonary artery endothelial cell	primary_cell	adult		dnase,rna_seq,splice_junctions,splice_site_usage	6
CL:1001606	foreskin keratinocyte	primary_cell	newborn		atac,chip_histone,chip_tf,dnase,rna_seq,splice_junctions,splice_site_usage	20
CL:1001608	foreskin fibroblast	primary_cell	newborn		chip_histone,chip_tf,dnase,rna_seq,splice_junctions,splice_site_usage	13
CL:2000000	epidermal melanocyte	primary_cell	unknown		dnase	1
CL:2000001	peripheral blood mononuclear cell	primary_cell	adult		chip_histone,rna_seq,splice_junctions,splice_site_usage	12
CL:2000007	articular chondrocyte of knee joint	primary_cell	adult		rna_seq,splice_junctions,splice_site_usage	5
CL:2000010	dermis blood vessel endothelial cell	primary_cell	child		dnase,rna_seq,splice_junctions,splice_site_usage	6
CL:2000011	dermis lymphatic vessel endothelial cell	primary_cell	child,adult		rna_seq,splice_junctions,splice_site_usage	5
CL:2000013	fibroblast of skin of abdomen	primary_cell	embryonic		dnase,rna_seq,splice_junctions,splice_site_usage	5
CL:2000016	lung microvascular endothelial cell	primary_cell	adult		dnase,rna_seq,splice_junctions,splice_site_usage	6
CL:2000017	fibroblast of peridontal ligament	primary_cell	unknown		dnase	1
CL:2000018	endothelial cell of coronary artery	primary_cell	adult		rna_seq,splice_junctions,splice_site_usage	5
CL:2000040	bladder microvascular endothelial cell	primary_cell	adult		rna_seq,splice_junctions,splice_site_usage	5
CL:2000041	dermis microvascular lymphatic vessel endothelial cell	primary_cell	adult		dnase,rna_seq,splice_junctions,splice_site_usage	6
CL:2000043	brain pericyte	primary_cell	unknown		dnase	1
CL:2000044	brain microvascular endothelial cell	primary_cell	unknown		chip_histone,chip_tf,dnase	5
CL:2000045	foreskin melanocyte	primary_cell	newborn		chip_histone,dnase,rna_seq,splice_junctions,splice_site_usage	13
CL:2000066	cardiac ventricle fibroblast	primary_cell	adult,unknown		rna_seq,splice_junctions,splice_site_usage	5
CL:2000067	cardiac atrium fibroblast	primary_cell	child		rna_seq,splice_junctions,splice_site_usage	5
CL:2000068	pericardium fibroblast	primary_cell	embryonic,unknown		rna_seq,splice_junctions,splice_site_usage	5
CL:2000071	mammary microvascular endothelial cell	primary_cell	adult		rna_seq,splice_junctions,splice_site_usage	5
CL:2000078	placental pericyte	primary_cell	newborn		rna_seq,splice_junctions,splice_site_usage	5
CL:2000092	hair follicular keratinocyte	primary_cell	adult		rna_seq,splice_junctions,splice_site_usage	5
CL:2000093	bronchus fibroblast of lung	primary_cell	unknown		rna_seq,splice_junctions,splice_site_usage	5
CL:2000094	nasal cavity respiratory epithelium epithelial cell of viscerocranial mucosa	primary_cell	adult		rna_seq,splice_junctions,splice_site_usage	5
CLO:0003771	HK-2	cell_line	unknown		dnase	1
CLO:0007045	Jurkat, Clone E6-1	cell_line	child		chip_histone,dnase,rna_seq,splice_junctions,splice_site_usage	6
CLO:0011092	AG20443	cell_line	adult		dnase	1
CLO:0013950	GM21619	cell_line	adult		atac	1
CLO:0014043	GM21717	cell_line	adult		atac	1
CLO:0014078	GM21529	cell_line	adult		atac	1
CLO:0014080	GM21528	cell_line	adult		atac	1
CLO:0014083	GM21526	cell_line	adult		atac	1
CLO:0014097	GM21576	cell_line	adult		atac	1
CLO:0014163	GM21447	cell_line	adult		atac	1
CLO:0014886	GM21723	cell_line	adult		atac	1
CLO:0014941	GM21825	cell_line	adult		atac	1
CLO:0015884	GM21390	cell_line	adult		atac	1
CLO:0015895	GM21381	cell_line	adult		atac	1
CLO:0015900	GM21367	cell_line	adult		atac	1
CLO:0015908	GM21360	cell_line	adult		atac	1
CLO:0015947	GM21423	cell_line	adult		atac	1
CLO:0016536	GM03348	cell_line	child		dnase	1
CLO:0018812	GM04504	cell_line	adult		dnase	1
CLO:0018813	GM04503	cell_line	adult		dnase	1
CLO:0021511	AG10803	cell_line	adult		chip_histone,chip_tf,dnase	3
CLO:0021752	AG09309	cell_line	adult		chip_histone,chip_tf,dnase	3
CLO:0021754	AG09319	cell_line	adult		chip_histone,chip_tf,dnase	3
CLO:0024877	GM18511	cell_line	adult		atac	1
CLO:0024886	GM18519	cell_line	adult		atac	1
CLO:0024890	GM18517	cell_line	adult		atac	1
CLO:0024898	GM18520	cell_line	adult		atac	1
CLO:0024919	GM18508	cell_line	adult		atac	1
CLO:0024933	GM18499	cell_line	adult		atac	1
CLO:0024937	GM18498	cell_line	adult		atac	1
CLO:0025816	GM19035	cell_line	adult		atac	1
CLO:0026238	GM18907	cell_line	adult		atac	1
CLO:0026245	GM18873	cell_line	adult		atac	1
CLO:0026249	GM18870	cell_line	adult		atac	1
CLO:0026250	GM18867	cell_line	adult		atac	1
CLO:0026253	GM18868	cell_line	adult		atac	1
CLO:0026256	GM18861	cell_line	adult		atac	1
CLO:0026258	GM18858	cell_line	adult		atac	1
CLO:0026782	GM19397	cell_line	adult		atac	1
CLO:0026790	GM19395	cell_line	adult		atac	1
CLO:0026824	GM19438	cell_line	adult		atac	1
CLO:0026846	GM19452	cell_line	adult		atac	1
CLO:0026863	GM19455	cell_line	adult		atac	1
CLO:0026874	GM19463	cell_line	adult		atac	1
CLO:0026877	GM19467	cell_line	adult		atac	1
CLO:0027429	GM19372	cell_line	adult		atac	1
CLO:0027432	GM19351	cell_line	adult		atac	1
CLO:0027443	GM19324	cell_line	adult		atac	1
CLO:0027445	GM19328	cell_line	adult		atac	1
CLO:0033902	AG08396	cell_line	adult		dnase	1
CLO:0033911	AG08395	cell_line	adult		dnase	1
CLO:0034837	AG04449	cell_line	embryonic		chip_histone,chip_tf,dnase	3
EFO:0000572	lymphoblast	tissue	adult	Cells_EBV-transformed_lymphocytes	rna_seq,splice_junctions,splice_site_usage	4
EFO:0000681	RCC	cell_line	adult		dnase	1
EFO:0001086	A549	cell_line	adult		atac,cage,chip_histone,chip_tf,dnase,rna_seq,splice_junctions,splice_site_usage	46
EFO:0001099	Caco-2	cell_line	adult		cage,chip_histone,chip_tf,dnase,procap,rna_seq,splice_junctions,splice_site_usage	13
EFO:0001159	GM12872	cell_line	unknown		chip_tf	1
EFO:0001160	GM12873	cell_line	unknown		chip_tf	1
EFO:0001161	GM12874	cell_line	unknown		chip_tf	1
EFO:0001162	GM12875	cell_line	unknown		chip_histone,chip_tf	2
EFO:0001182	HEK293	cell_line	embryonic		cage,chip_histone,chip_tf	111
EFO:0001184	HEK293T	cell_line	embryonic		chip_tf	5
EFO:0001187	HepG2	cell_line	child		atac,cage,chip_histone,chip_tf,contact_maps,dnase,rna_seq,splice_junctions,splice_site_usage	565
EFO:0001193	HT-29	cell_line	adult		dnase,rna_seq,splice_junctions,splice_site_usage	6
EFO:0001196	IMR-90	cell_line	embryonic		atac,chip_histone,chip_tf,contact_maps,dnase,rna_seq,splice_junctions,splice_site_usage	51
EFO:0001200	MCF 10A	cell_line	adult		chip_tf,dnase,procap,rna_seq,splice_junctions,splice_site_usage	9
EFO:0001203	MCF-7	cell_line	adult		atac,chip_histone,chip_tf,dnase,rna_seq,splice_junctions,splice_site_usage	92
EFO:0001221	NCI-H929	cell_line	adult		atac,chip_histone,dnase	10
EFO:0001232	RKO	cell_line	unknown		dnase	1
EFO:0001247	T47D	cell_line	adult		chip_tf,dnase	2
EFO:0001253	THP-1	cell_line			cage	2
EFO:0001260	WI38	cell_line	unknown		chip_histone,chip_tf	2
EFO:0002009	fibroblast derived cell line	tissue	adult	Cells_Cultured_fibroblasts	rna_seq,splice_junctions,splice_site_usage	4
EFO:0002059	HT1080	cell_line	adult		cage,dnase,rna_seq,splice_junctions,splice_site_usage	13
EFO:0002067	K562	cell_line	adult		atac,cage,chip_histone,chip_tf,dnase,procap,rna_seq,splice_junctions,splice_site_usage	333
EFO:0002071	LNCAP	cell_line	adult		chip_tf	1
EFO:0002074	PC-3	cell_line	adult		atac,cage,chip_histone,chip_tf,dnase,rna_seq,splice_junctions,splice_site_usage	19
EFO:0002083	SW480	cell_line	adult		dnase	1
EFO:0002095	22Rv1	cell_line	unknown		chip_histone,chip_tf	2
EFO:0002101	A172	cell_line	adult		cage,dnase,rna_seq,splice_junctions,splice_site_usage	8
EFO:0002103	A375	cell_line	adult		rna_seq,splice_junctions,splice_site_usage	5
EFO:0002106	A673	cell_line	child		chip_histone,chip_tf,dnase,procap,rna_seq,splice_junctions,splice_site_usage	12
EFO:0002108	ACHN	cell_line	adult		dnase	1
EFO:0002140	COLO829	cell_line	adult		dnase	1
EFO:0002150	Caki2	cell_line	adult		dnase,rna_seq,splice_junctions,splice_site_usage	6
EFO:0002167	DOHH2	cell_line	adult		chip_histone,chip_tf	10
EFO:0002179	G401	cell_line	child		cage,dnase,rna_seq,splice_junctions,splice_site_usage	8
EFO:0002184	H4	cell_line	adult		dnase,rna_seq,splice_junctions,splice_site_usage	6
EFO:0002234	MG63	cell_line	child		chip_histone,dnase,rna_seq,splice_junctions,splice_site_usage	8
EFO:0002246	NAMALWA	cell_line	child		dnase	1
EFO:0002285	NCI-H226	cell_line	adult		cage,dnase	3
EFO:0002322	RPMI8226	cell_line	adult		dnase	1
EFO:0002323	RWPE1	cell_line	adult		chip_histone,chip_tf,dnase	3
EFO:0002324	Raji	cell_line	child		cage,chip_tf	3
EFO:0002330	SJSA1	cell_line	adult		chip_histone,dnase,rna_seq,splice_junctions,splice_site_usage	10
EFO:0002357	SU-DHL-6	cell_line	adult		chip_histone	6
EFO:0002713	Panc1	cell_line	adult		atac,chip_histone,chip_tf,dnase,rna_seq,splice_junctions,splice_site_usage	20
EFO:0002717	SH-SY5Y	cell_line	child		chip_tf	2
EFO:0002779	BJ	cell_line	newborn		chip_histone,chip_tf,dnase,rna_seq,splice_junctions,splice_site_usage	10
EFO:0002782	H54	cell_line	adult		chip_tf	2
EFO:0002783	GM06990	cell_line	unknown		chip_histone,chip_tf,dnase	4
EFO:0002784	GM12878	cell_line	adult		atac,cage,chip_histone,chip_tf,contact_maps,dnase,rna_seq,splice_junctions,splice_site_usage	125
EFO:0002785	GM12891	cell_line	unknown		chip_tf,dnase,rna_seq,splice_junctions,splice_site_usage	11
EFO:0002786	GM12892	cell_line	unknown		chip_tf,rna_seq,splice_junctions,splice_site_usage	8
EFO:0002788	GM19238	cell_line	unknown		dnase	1
EFO:0002789	GM19239	cell_line	unknown		dnase	1
EFO:0002790	GM19240	cell_line	unknown		dnase	1
EFO:0002791	HeLa-S3	cell_line	adult		cage,chip_histone,chip_tf,contact_maps,dnase,rna_seq,splice_junctions,splice_site_usage	59
EFO:0002793	HL-60	cell_line	adult		cage,chip_histone,chip_tf,dnase	9
EFO:0002796	Jurkat	cell_line			cage	2
EFO:0002798	NB4	cell_line	adult		chip_histone,chip_tf,dnase	6
EFO:0002819	Calu3	cell_line	adult		chip_tf,dnase,procap,rna_seq,splice_junctions,splice_site_usage	9
EFO:0002824	HCT116	cell_line	adult		atac,chip_histone,chip_tf,contact_maps,dnase,rna_seq,splice_junctions,splice_site_usage	46
EFO:0002847	PC-9	cell_line	unknown		chip_histone,chip_tf,dnase,rna_seq,splice_junctions,splice_site_usage	19
EFO:0002860	SK-N-MC	cell_line	child		cage,chip_histone,chip_tf,dnase	9
EFO:0003037	CMK	cell_line	child		dnase	1
EFO:0003042	H1	cell_line	embryonic		chip_histone,chip_tf,contact_maps,dnase,rna_seq,splice_junctions,splice_site_usage	71
EFO:0003044	NCI-H460	cell_line	unknown		cage,dnase,rna_seq,splice_junctions,splice_site_usage	13
EFO:0003045	H9	cell_line	embryonic		chip_histone,chip_tf,contact_maps,dnase,rna_seq,splice_junctions,splice_site_usage	19
EFO:0003072	SK-N-SH	cell_line	child		chip_histone,chip_tf,dnase,rna_seq,splice_junctions,splice_site_usage	48
EFO:0005234	PFSK-1	cell_line	child		chip_tf,rna_seq,splice_junctions,splice_site_usage	8
EFO:0005236	NT2/D1	cell_line	unknown		chip_histone,chip_tf,dnase	8
EFO:0005237	U-87 MG	cell_line	adult		rna_seq,splice_junctions,splice_site_usage	4
EFO:0005282	HS-5	cell_line	adult		dnase	1
EFO:0005283	HS-27A	cell_line	adult		dnase	1
EFO:0005332	GM18505	cell_line	adult		atac	1
EFO:0005333	GM08714	cell_line	unknown		chip_histone	1
EFO:0005336	GM10847	cell_line	unknown		chip_tf	1
EFO:0005337	GM12864	cell_line	unknown		chip_histone,chip_tf,dnase	3
EFO:0005338	GM12865	cell_line	unknown		chip_histone,dnase	2
EFO:0005345	GM13976	cell_line	unknown		dnase	1
EFO:0005347	GM15510	cell_line	unknown		chip_tf	1
EFO:0005348	GM18526	cell_line	unknown		chip_tf	1
EFO:0005349	GM18951	cell_line	unknown		chip_tf	1
EFO:0005350	GM19099	cell_line	unknown		chip_tf	1
EFO:0005351	GM19193	cell_line	unknown		chip_tf	1
EFO:0005352	GM20000	cell_line	child		dnase	1
EFO:0005384	HuH-7	cell_line	adult		dnase	1
EFO:0005441	DU 145	cell_line			cage	2
EFO:0005694	KMS-11	cell_line	adult		chip_histone,chip_tf	7
EFO:0005696	D721Med	cell_line	child		dnase	1
EFO:0005697	M059J	cell_line	adult		dnase,rna_seq,splice_junctions,splice_site_usage	6
EFO:0005698	Daoy	cell_line	child		dnase,rna_seq,splice_junctions,splice_site_usage	6
EFO:0005704	HuH-7.5	cell_line	adult		dnase	1
EFO:0005707	RCC 7860	cell_line	adult		dnase	1
EFO:0005709	HTR-8/SVneo	cell_line	embryonic		dnase	1
EFO:0005710	HFF-Myc	cell_line	newborn		chip_histone,dnase	2
EFO:0005712	RPMI7951	cell_line	adult		dnase,rna_seq,splice_junctions,splice_site_usage	6
EFO:0005714	LHCN-M2	cell_line	adult		dnase,rna_seq,splice_junctions,splice_site_usage	10
EFO:0005715	WERI-Rb-1	cell_line	child		chip_histone,chip_tf,dnase	6
EFO:0005718	Ishikawa	cell_line	adult		chip_tf	16
EFO:0005719	Karpas-422	cell_line	adult		chip_histone,dnase,rna_seq,splice_junctions,splice_site_usage	15
EFO:0005720	SK-MEL-5	cell_line	adult		dnase,rna_seq,splice_junctions,splice_site_usage	11
EFO:0005721	SK-N-DZ	cell_line	child		dnase,rna_seq,splice_junctions,splice_site_usage	6
EFO:0005722	SJCRH30	cell_line	child		chip_histone,dnase,rna_seq,splice_junctions,splice_site_usage	10
EFO:0005723	GM23248	cell_line	adult		chip_histone,chip_tf,dnase,rna_seq,splice_junctions,splice_site_usage	21
EFO:0005724	MM.1S	cell_line	adult		chip_histone,chip_tf,dnase	11
EFO:0005725	BE2C	cell_line	child		chip_histone,chip_tf,dnase,rna_seq,splice_junctions,splice_site_usage	10
EFO:0005726	LNCaP clone FGC	cell_line	adult		chip_histone,chip_tf,dnase	3
EFO:0005901	ELF-1	cell_line	embryonic		dnase	1
EFO:0005903	KBM-7	cell_line	adult		contact_maps,dnase	2
EFO:0005904	H7	cell_line	embryonic		chip_histone,dnase,rna_seq,splice_junctions,splice_site_usage	9
EFO:0005907	OCI-LY1	cell_line	adult		chip_histone,chip_tf	9
EFO:0005913	urothelium cell line	cell_line	child		dnase	1
EFO:0006270	AG04450	cell_line	embryonic		chip_histone,chip_tf,dnase,rna_seq,splice_junctions,splice_site_usage	11
EFO:0006283	KOPT-K1	cell_line	unknown		chip_histone	3
EFO:0006365	C4-2B	cell_line	adult		chip_histone,chip_tf	3
EFO:0006639	LoVo	cell_line	adult		dnase	1
EFO:0006710	OCI-LY3	cell_line	adult		chip_histone,chip_tf	11
EFO:0006711	OCI-LY7	cell_line	adult		chip_histone,chip_tf,dnase,rna_seq,splice_junctions,splice_site_usage	14
EFO:0007070	ACC112	cell_line	adult		chip_histone	7
EFO:0007073	CyT49	cell_line			contact_maps	4
EFO:0007074	DND-41	cell_line	child		atac,chip_histone,chip_tf,dnase	12
EFO:0007076	ES-I3	cell_line	embryonic		chip_histone	3
EFO:0007083	HUES48	cell_line	embryonic		chip_histone	7
EFO:0007086	HUES6	cell_line	embryonic		chip_histone	7
EFO:0007089	HUES64	cell_line	embryonic		chip_histone,rna_seq,splice_junctions,splice_site_usage	12
EFO:0007096	iPS DF 19.11	cell_line	newborn		chip_histone	4
EFO:0007098	iPS DF 6.9	cell_line	newborn		chip_histone,dnase	3
EFO:0007099	iPS-11a	cell_line	adult		chip_histone	1
EFO:0007102	iPS-15b	cell_line	adult		chip_histone	5
EFO:0007105	iPS-18a	cell_line	adult		chip_histone	6
EFO:0007107	iPS-18c	cell_line	adult		chip_histone	2
EFO:0007108	iPS-20b	cell_line	adult		chip_histone	7
EFO:0007112	Loucy	cell_line	adult		chip_histone,chip_tf	8
EFO:0007116	UCSF-4	cell_line	embryonic		chip_histone	5
EFO:0007598	HAP-1	cell_line	adult		chip_histone,dnase	5
EFO:0007599	L1-S8	cell_line	unknown		dnase	1
EFO:0007600	L1-S8R	cell_line	unknown		dnase	1
EFO:0007610	RWPE2	cell_line	unknown		atac,chip_histone,chip_tf,dnase	6
EFO:0007748	EH	cell_line	newborn		dnase	1
EFO:0007749	EL	cell_line	newborn		dnase	1
EFO:0007750	ELR	cell_line	newborn		dnase	1
EFO:0007752	VCaP	cell_line	adult		chip_histone,chip_tf	2
EFO:0007950	GM23338	cell_line	adult		atac,chip_histone,chip_tf,dnase,rna_seq,splice_junctions,splice_site_usage	30
EFO:0007952	iPS-NIHi11	cell_line	adult		dnase	1
EFO:0009318	HFFc6	cell_line	newborn		chip_tf,contact_maps,dnase,rna_seq,splice_junctions,splice_site_usage	9
EFO:0009500	HCEC 1CT	cell_line	unknown		dnase	1
EFO:0009747	WTC11	cell_line	adult		atac,chip_tf,contact_maps,dnase,rna_seq,splice_junctions,splice_site_usage	44
EFO:0010835	GM19023	cell_line	adult		atac	1
EFO:0010836	GM19025	cell_line	adult		atac	1
EFO:0010837	GM19043	cell_line	adult		atac	1
EFO:0010838	GM21515	cell_line	adult		atac	1
EFO:0010839	GM21737	cell_line	adult		atac	1
EFO:0010840	GM21786	cell_line	adult		atac	1
EFO:0010841	HG02571	cell_line	adult		atac	1
EFO:0010842	HG02588	cell_line	adult		atac	1
EFO:0010843	HG02610	cell_line	adult		atac	1
EFO:0010844	HG02623	cell_line	adult		atac	1
EFO:0010846	HG02678	cell_line	adult		atac	1
EFO:0010847	HG02759	cell_line	adult		atac	1
EFO:0010848	HG02763	cell_line	adult		atac	1
EFO:0010850	HG02840	cell_line	adult		atac	1
EFO:0010851	HG02852	cell_line	adult		atac	1
EFO:0010852	HG02870	cell_line	adult		atac	1
EFO:0010853	HG02884	cell_line	adult		atac	1
EFO:0010855	HG02938	cell_line	adult		atac	1
EFO:0010856	HG02943	cell_line	adult		atac	1
EFO:0010857	HG02970	cell_line	adult		atac	1
EFO:0010858	HG02973	cell_line	adult		atac	1
EFO:0010859	HG02981	cell_line	adult		atac	1
EFO:0010860	HG03025	cell_line	adult		atac	1
EFO:0010861	HG03039	cell_line	adult		atac	1
EFO:0010862	HG03045	cell_line	adult		atac	1
EFO:0010863	HG03060	cell_line	adult		atac	1
EFO:0010864	HG03064	cell_line	adult		atac	1
EFO:0010865	HG03066	cell_line	adult		atac	1
EFO:0010866	HG03095	cell_line	adult		atac	1
EFO:0010867	HG03097	cell_line	adult		atac	1
EFO:0010868	HG03103	cell_line	adult		atac	1
EFO:0010869	HG03108	cell_line	adult		atac	1
EFO:0010870	HG03135	cell_line	adult		atac	1
EFO:0010871	HG03139	cell_line	adult		atac	1
EFO:0010872	HG03159	cell_line	adult		atac	1
EFO:0010873	HG03175	cell_line	adult		atac	1
EFO:0010874	HG03196	cell_line	adult		atac	1
EFO:0010875	HG03280	cell_line	adult		atac	1
EFO:0010876	HG03342	cell_line	adult		atac	1
EFO:0010878	HG03378	cell_line	adult		atac	1
EFO:0010879	HG03432	cell_line	adult		atac	1
EFO:0010880	HG03439	cell_line	adult		atac	1
EFO:0010881	HG03442	cell_line	adult		atac	1
EFO:0010882	HG03457	cell_line	adult		atac	1
EFO:0010883	HG03460	cell_line	adult		atac	1
EFO:0010884	HG03469	cell_line	adult		atac	1
EFO:0010885	HG03520	cell_line	adult		atac	1
EFO:0010886	HG03521	cell_line	adult		atac	1
EFO:0010888	HG03565	cell_line	adult		atac	1
EFO:0010889	HG03571	cell_line	adult		atac	1
EFO:0030018	BLaER1	cell_line	unknown		chip_histone,chip_tf,rna_seq,splice_junctions,splice_site_usage	15
NTR:0000427	neurosphere	primary_cell	embryonic		chip_histone,rna_seq,splice_junctions,splice_site_usage	11
NTR:0000474	ecto neural progenitor cell	in_vitro_differentiated_cells	embryonic		dnase	1
NTR:0000491	Right ventricle myocardium inferior	tissue	adult		atac,dnase,rna_seq,splice_junctions,splice_site_usage	7
NTR:0000492	Right ventricle myocardium superior	tissue	adult		atac,dnase,rna_seq,splice_junctions,splice_site_usage	7
NTR:0000493	left ventricle myocardium inferior	tissue	adult		chip_histone,chip_tf,dnase,rna_seq,splice_junctions,splice_site_usage	13
NTR:0000494	left ventricle myocardium superior	tissue	adult		atac,dnase,rna_seq,splice_junctions,splice_site_usage	7
NTR:0000512	nephron progenitor cell	in_vitro_differentiated_cells	embryonic		chip_tf,dnase	2
NTR:0000521	fibroblast of skin of left biceps	primary_cell	embryonic		dnase	1
NTR:0000522	fibroblast of skin of left quadriceps	primary_cell	embryonic		dnase	1
NTR:0000523	fibroblast of skin of right quadriceps	primary_cell	embryonic		dnase	1
NTR:0000524	fibroblast of skin of scalp	primary_cell	embryonic		dnase,rna_seq,splice_junctions,splice_site_usage	5
NTR:0000525	fibroblast of skin of right biceps	primary_cell	embryonic		dnase	1
NTR:0000856	mesendoderm	in_vitro_differentiated_cells	embryonic		chip_histone,dnase,rna_seq,splice_junctions,splice_site_usage	13
NTR:0001226	parathyroid adenoma	tissue	adult		chip_histone,chip_tf	7
NTR:0001407	germinal matrix	tissue	embryonic		chip_histone	5
NTR:0001484	islet precursor cell	in_vitro_differentiated_cells	embryonic		dnase	1
NTR:0003013	placental basal plate	tissue	embryonic		chip_histone,rna_seq,splice_junctions,splice_site_usage	6
NTR:0003079	fibroblast of breast	primary_cell	adult		chip_histone	4
UBERON:0000002	uterine cervix	tissue			cage	2
UBERON:0000007	pituitary gland	tissue	adult	Pituitary	cage,rna_seq,splice_junctions,splice_site_usage	6
UBERON:0000014	zone of skin	tissue			cage	2
UBERON:0000016	endocrine pancreas	tissue	adult		chip_histone,rna_seq,splice_junctions,splice_site_usage	10
UBERON:0000019	camera-type eye	tissue	embryonic		cage,rna_seq,splice_junctions,splice_site_usage	7
UBERON:0000029	lymph node	tissue			cage	2
UBERON:0000056	ureter	tissue	adult		atac,dnase,rna_seq,splice_junctions,splice_site_usage	7
UBERON:0000057	urethra	tissue			cage	2
UBERON:0000059	large intestine	tissue	embryonic		chip_histone,dnase,rna_seq	8
UBERON:0000081	metanephros	tissue	embryonic		rna_seq,splice_junctions,splice_site_usage	5
UBERON:0000088	trophoblast	tissue	embryonic		chip_histone,rna_seq,splice_junctions,splice_site_usage	8
UBERON:0000178	blood	primary_cell			cage	2
UBERON:0000305	amnion	tissue	embryonic		cage,chip_histone,rna_seq,splice_junctions,splice_site_usage	10
UBERON:0000310	breast	tissue			cage	2
UBERON:0000317	colonic mucosa	tissue	adult		atac,chip_histone,chip_tf,dnase,rna_seq,splice_junctions,splice_site_usage	14
UBERON:0000320	duodenal mucosa	tissue	adult		chip_histone	7
UBERON:0000341	throat	tissue			cage	2
UBERON:0000458	endocervix	tissue	adult	Cervix_Endocervix	rna_seq,splice_junctions,splice_site_usage	4
UBERON:0000473	testis	tissue	adult		cage,chip_histone,chip_tf,dnase,rna_seq,splice_junctions,splice_site_usage	22
UBERON:0000920	egg chorion	primary_cell			cage	2
UBERON:0000941	cranial nerve II	tissue			cage	2
UBERON:0000945	stomach	tissue	adult		atac,cage,chip_histone,chip_tf,dnase,rna_seq,splice_junctions,splice_site_usage	28
UBERON:0000947	aorta	tissue	adult		cage,chip_histone,dnase,rna_seq,splice_junctions,splice_site_usage	16
UBERON:0000948	heart	tissue	adult		cage,chip_histone,dnase,rna_seq,splice_junctions,splice_site_usage	18
UBERON:0000955	brain	tissue	adult		cage,chip_histone,chip_tf,dnase,rna_seq,splice_junctions,splice_site_usage	14
UBERON:0000966	retina	tissue	embryonic		cage,dnase	3
UBERON:0000970	eye	tissue	embryonic		dnase	1
UBERON:0000981	femur	tissue	embryonic		dnase	1
UBERON:0000988	pons	tissue	adult		cage,dnase	3
UBERON:0000989	penis	tissue			cage	2
UBERON:0000992	ovary	tissue	adult		atac,cage,chip_histone,chip_tf,dnase,rna_seq,splice_junctions,splice_site_usage	27
UBERON:0000995	uterus	tissue	adult		atac,cage,chip_histone,chip_tf,dnase,rna_seq,splice_junctions,splice_site_usage	17
UBERON:0000996	vagina	tissue	adult		cage,chip_histone,chip_tf,rna_seq,splice_junctions,splice_site_usage	18
UBERON:0000998	seminal vesicle	tissue			cage	2
UBERON:0001000	vas deferens	tissue			cage	2
UBERON:0001003	skin epidermis	tissue	adult		chip_histone	2
UBERON:0001013	adipose tissue	tissue	adult		cage,rna_seq,splice_junctions,splice_site_usage	7
UBERON:0001043	esophagus	tissue	adult		cage,chip_histone,rna_seq,splice_junctions,splice_site_usage	12
UBERON:0001044	saliva-secreting gland	tissue			cage	2
UBERON:0001052	rectum	tissue			cage	2
UBERON:0001072	posterior vena cava	tissue	adult		atac,dnase,rna_seq,splice_junctions,splice_site_usage	7
UBERON:0001103	diaphragm	tissue			cage	2
UBERON:0001114	right lobe of liver	tissue	adult		atac,chip_histone,chip_tf,dnase,rna_seq,splice_junctions,splice_site_usage	17
UBERON:0001115	left lobe of liver	tissue	adult		atac,dnase,rna_seq,splice_junctions,splice_site_usage	7
UBERON:0001134	skeletal muscle tissue	tissue	embryonic		cage,chip_histone,rna_seq,splice_junctions,splice_site_usage	13
UBERON:0001135	smooth muscle tissue	tissue			cage	2
UBERON:0001150	body of pancreas	tissue	adult		atac,chip_histone,chip_tf,dnase,rna_seq,splice_junctions,splice_site_usage	16
UBERON:0001154	vermiform appendix	tissue			cage	2
UBERON:0001155	colon	tissue			cage	2
UBERON:0001157	transverse colon	tissue	adult		atac,chip_histone,chip_tf,dnase,rna_seq,splice_junctions,splice_site_usage	20
UBERON:0001159	sigmoid colon	tissue	adult		atac,chip_histone,chip_tf,dnase,rna_seq,splice_junctions,splice_site_usage	25
UBERON:0001199	mucosa of stomach	tissue	adult		chip_histone	4
UBERON:0001211	Peyer's patch	tissue	adult		chip_histone,chip_tf,dnase,rna_seq,splice_junctions,splice_site_usage	17
UBERON:0001224	renal pelvis	tissue	embryonic		dnase,rna_seq,splice_junctions,splice_site_usage	5
UBERON:0001225	cortex of kidney	tissue	adult	Kidney_Cortex	rna_seq,splice_junctions,splice_site_usage	4
UBERON:0001255	urinary bladder	tissue	child		cage,chip_histone,rna_seq,splice_junctions,splice_site_usage	18
UBERON:0001259	mucosa of urinary bladder	tissue	adult		atac	1
UBERON:0001264	pancreas	tissue	adult		atac,cage,chip_histone,chip_tf,dnase,rna_seq,splice_junctions,splice_site_usage	20
UBERON:0001285	nephron	organoid	embryonic		chip_tf	1
UBERON:0001293	outer medulla of kidney	tissue	adult	Kidney_Medulla	rna_seq,splice_junctions,splice_site_usage	4
UBERON:0001301	epididymis	tissue			cage	2
UBERON:0001322	sciatic nerve	tissue	adult		atac,dnase,rna_seq,splice_junctions,splice_site_usage	7
UBERON:0001323	tibial nerve	tissue	adult		chip_histone,chip_tf,dnase,rna_seq,splice_junctions,splice_site_usage	19
UBERON:0001359	cerebrospinal fluid	tissue			cage	2
UBERON:0001383	muscle of leg	tissue	embryonic		chip_histone,dnase,rna_seq,splice_junctions,splice_site_usage	13
UBERON:0001389	soleus muscle	tissue			cage	2
UBERON:0001496	ascending aorta	tissue	adult		chip_histone,chip_tf,dnase,rna_seq,splice_junctions,splice_site_usage	16
UBERON:0001499	muscle of arm	tissue	embryonic		dnase,rna_seq,splice_junctions,splice_site_usage	5
UBERON:0001515	thoracic aorta	tissue	adult		chip_histone,chip_tf,dnase,rna_seq,splice_junctions,splice_site_usage	11
UBERON:0001602	medial rectus extraocular muscle	tissue			cage	2
UBERON:0001603	lateral rectus extra-ocular muscle	tissue			cage	2
UBERON:0001621	coronary artery	tissue	adult	Artery_Coronary	chip_histone,chip_tf,dnase,rna_seq,splice_junctions,splice_site_usage	8
UBERON:0001637	artery	tissue			cage	2
UBERON:0001638	vein	tissue			cage	2
UBERON:0001723	tongue	tissue	embryonic		cage,dnase,rna_seq,splice_junctions,splice_site_usage	8
UBERON:0001736	submandibular gland	tissue			cage	2
UBERON:0001774	muscle of trunk	tissue	embryonic		chip_histone,dnase,rna_seq,splice_junctions,splice_site_usage	11
UBERON:0001797	vitreous humor	tissue			cage	2
UBERON:0001831	parotid gland	tissue			cage	2
UBERON:0001870	frontal cortex	tissue	embryonic		cage,dnase,rna_seq,splice_junctions,splice_site_usage	12
UBERON:0001871	temporal lobe	tissue	embryonic		cage,chip_histone,rna_seq,splice_junctions,splice_site_usage	12
UBERON:0001872	parietal lobe	tissue	embryonic		cage,rna_seq,splice_junctions,splice_site_usage	7
UBERON:0001873	caudate nucleus	tissue	adult	Brain_Caudate_basal_ganglia	cage,chip_histone,rna_seq,splice_junctions,splice_site_usage	11
UBERON:0001874	putamen	tissue	adult	Brain_Putamen_basal_ganglia	cage,dnase,rna_seq,splice_junctions,splice_site_usage	7
UBERON:0001875	globus pallidus	tissue	adult		cage,dnase	3
UBERON:0001876	amygdala	tissue	adult	Brain_Amygdala	cage,rna_seq,splice_junctions,splice_site_usage	6
UBERON:0001882	nucleus accumbens	tissue	adult	Brain_Nucleus_accumbens_basal_ganglia	cage,rna_seq,splice_junctions,splice_site_usage	6
UBERON:0001894	diencephalon	tissue	embryonic		cage,rna_seq,splice_junctions,splice_site_usage	7
UBERON:0001896	medulla oblongata	tissue			cage	2
UBERON:0001897	dorsal plus ventral thalamus	tissue			cage	2
UBERON:0001898	hypothalamus	tissue	adult	Brain_Hypothalamus	rna_seq,splice_junctions,splice_site_usage	4
UBERON:0001905	pineal body	tissue			cage	2
UBERON:0001954	Ammon's horn	tissue	adult	Brain_Hippocampus	cage,dnase,rna_seq,splice_junctions,splice_site_usage	7
UBERON:0001987	placenta	tissue	embryonic		cage,chip_histone,chip_tf,dnase,rna_seq,splice_junctions,splice_site_usage	20
UBERON:0002021	occipital lobe	tissue	embryonic		cage,rna_seq,splice_junctions,splice_site_usage	7
UBERON:0002022	insula	tissue			cage	2
UBERON:0002037	cerebellum	tissue	embryonic		cage,chip_histone,dnase,rna_seq,splice_junctions,splice_site_usage	18
UBERON:0002038	substantia nigra	tissue	adult	Brain_Substantia_nigra	cage,chip_histone,rna_seq,splice_junctions,splice_site_usage	11
UBERON:0002046	thyroid gland	tissue	adult		atac,cage,chip_histone,chip_tf,dnase,rna_seq,splice_junctions,splice_site_usage	19
UBERON:0002048	lung	tissue	adult		atac,cage,chip_histone,dnase,rna_seq,splice_junctions,splice_site_usage	21
UBERON:0002078	right cardiac atrium	tissue	adult		atac,chip_histone,dnase,rna_seq,splice_junctions,splice_site_usage	15
UBERON:0002079	left cardiac atrium	tissue	adult		atac,cage,dnase,rna_seq,splice_junctions,splice_site_usage	9
UBERON:0002080	heart right ventricle	tissue	adult		atac,chip_histone,chip_tf,dnase,rna_seq,splice_junctions,splice_site_usage	19
UBERON:0002084	heart left ventricle	tissue	adult		atac,cage,chip_histone,chip_tf,dnase,rna_seq,splice_junctions,splice_site_usage	22
UBERON:0002097	skin of body	tissue	embryonic		rna_seq,splice_junctions,splice_site_usage	5
UBERON:0002099	cardiac septum	tissue	adult		atac,dnase,rna_seq,splice_junctions,splice_site_usage	7
UBERON:0002106	spleen	tissue	adult		atac,cage,chip_histone,chip_tf,dnase,rna_seq,splice_junctions,splice_site_usage	28
UBERON:0002107	liver	tissue	child		atac,cage,chip_histone,chip_tf,dnase,rna_seq,splice_junctions,splice_site_usage	39
UBERON:0002108	small intestine	tissue	adult		cage,chip_histone,dnase,rna_seq,splice_junctions,splice_site_usage	15
UBERON:0002110	gallbladder	tissue			cage	2
UBERON:0002113	kidney	tissue	adult		atac,cage,chip_histone,dnase,rna_seq,splice_junctions,splice_site_usage	20
UBERON:0002114	duodenum	tissue			cage	2
UBERON:0002118	right ovary	primary_cell			cage	2
UBERON:0002119	left ovary	primary_cell			cage	2
UBERON:0002129	cerebellar cortex	tissue	adult		dnase	1
UBERON:0002134	tricuspid valve	tissue			cage	2
UBERON:0002135	mitral valve	tissue			cage	2
UBERON:0002146	pulmonary valve	tissue			cage	2
UBERON:0002148	locus ceruleus	tissue			cage	2
UBERON:0002167	right lung	tissue	embryonic		dnase,rna_seq,splice_junctions,splice_site_usage	5
UBERON:0002168	left lung	tissue	adult		atac,chip_histone,chip_tf,dnase,rna_seq,splice_junctions,splice_site_usage	18
UBERON:0002170	upper lobe of right lung	tissue	adult		atac,chip_histone,chip_tf,dnase,rna_seq,splice_junctions,splice_site_usage	12
UBERON:0002171	lower lobe of right lung	tissue	adult		atac,cage,chip_histone,chip_tf,dnase,rna_seq,splice_junctions,splice_site_usage	15
UBERON:0002190	subcutaneous adipose tissue	tissue	adult		atac,rna_seq,splice_junctions,splice_site_usage	10
UBERON:0002240	spinal cord	tissue	embryonic		cage,chip_histone,dnase,rna_seq,splice_junctions,splice_site_usage	19
UBERON:0002245	cerebellar hemisphere	tissue	adult	Brain_Cerebellar_Hemisphere	rna_seq,splice_junctions,splice_site_usage	4
UBERON:0002305	layer of hippocampus	tissue	adult		chip_histone	5
UBERON:0002324	muscle of back	tissue	embryonic		dnase,rna_seq,splice_junctions,splice_site_usage	5
UBERON:0002331	umbilical cord	tissue	embryonic		cage,dnase,rna_seq,splice_junctions,splice_site_usage	8
UBERON:0002336	corpus callosum	tissue			cage	2
UBERON:0002360	meninx	tissue			cage	2
UBERON:0002363	dura mater	tissue			cage	2
UBERON:0002367	prostate gland	tissue	adult		cage,chip_histone,chip_tf,dnase,rna_seq,splice_junctions,splice_site_usage	18
UBERON:0002369	adrenal gland	tissue	adult		atac,cage,chip_histone,chip_tf,dnase,rna_seq,splice_junctions,splice_site_usage	27
UBERON:0002370	thymus	tissue	embryonic		cage,chip_histone,dnase,rna_seq,splice_junctions,splice_site_usage	15
UBERON:0002371	bone marrow	tissue			cage	2
UBERON:0002372	tonsil	tissue			cage	2
UBERON:0002394	bile duct	tissue	adult		atac	1
UBERON:0002448	fungiform papilla	tissue			cage	2
UBERON:0002469	esophagus mucosa	tissue	adult		atac,rna_seq,splice_junctions,splice_site_usage	6
UBERON:0002581	postcentral gyrus	tissue			cage	2
UBERON:0002626	head of caudate nucleus	tissue	adult		dnase	1
UBERON:0002686	angular gyrus	tissue	adult		chip_histone	5
UBERON:0002702	middle frontal gyrus	tissue			cage	2
UBERON:0002740	posterior cingulate gyrus	tissue	adult		dnase	1
UBERON:0002771	middle temporal gyrus	tissue			cage	2
UBERON:0002902	occipital pole	tissue			cage	2
UBERON:0002967	cingulate gyrus	tissue	adult		chip_histone	5
UBERON:0003112	olfactory region	tissue			cage	2
UBERON:0003124	chorion	tissue	embryonic		chip_histone,dnase,rna_seq,splice_junctions,splice_site_usage	10
UBERON:0003126	trachea	tissue			cage	2
UBERON:0003346	mucosa of rectum	tissue	adult		chip_histone	5
UBERON:0003662	forelimb muscle	tissue	embryonic		dnase,rna_seq,splice_junctions,splice_site_usage	5
UBERON:0003663	hindlimb muscle	tissue	embryonic		dnase,rna_seq,splice_junctions,splice_site_usage	5
UBERON:0003701	calcaneal tendon	tissue			cage	2
UBERON:0003729	mouth mucosa	primary_cell			cage	2
UBERON:0003889	fallopian tube	tissue	adult	Fallopian_Tube	atac,rna_seq,splice_junctions,splice_site_usage	5
UBERON:0004222	stomach smooth muscle	tissue	adult		chip_histone	6
UBERON:0004225	respiratory system smooth muscle	primary_cell			cage	2
UBERON:0004264	lower leg skin	tissue	adult		chip_tf,dnase,rna_seq,splice_junctions,splice_site_usage	12
UBERON:0004538	left kidney	tissue	embryonic		dnase,rna_seq,splice_junctions,splice_site_usage	5
UBERON:0004539	right kidney	tissue	embryonic		dnase	1
UBERON:0004550	gastroesophageal sphincter	tissue	adult		atac,chip_histone,chip_tf,rna_seq,splice_junctions,splice_site_usage	20
UBERON:0004648	esophagus muscularis mucosa	tissue	adult		chip_histone,chip_tf,rna_seq,splice_junctions,splice_site_usage	18
UBERON:0004992	mucosa of descending colon	tissue	adult		atac,chip_histone,chip_tf,dnase,rna_seq,splice_junctions,splice_site_usage	11
UBERON:0005033	mucosa of gallbladder	tissue	child		atac,dnase,rna_seq,splice_junctions,splice_site_usage	7
UBERON:0005270	renal cortex interstitium	tissue	embryonic		dnase,rna_seq,splice_junctions,splice_site_usage	5
UBERON:0005795	embryonic uterus	tissue			cage	2
UBERON:0006322	inferior rectus extraocular muscle	tissue			cage	2
UBERON:0006323	superior rectus extraocular muscle	tissue			cage	2
UBERON:0006330	anterior lingual gland	tissue	adult	Minor_Salivary_Gland	rna_seq,splice_junctions,splice_site_usage	4
UBERON:0006469	C1 segment of cervical spinal cord	tissue	adult	Brain_Spinal_cord_cervical_c-1	rna_seq,splice_junctions,splice_site_usage	4
UBERON:0006566	left ventricle myocardium	tissue	adult	Heart_Left_Ventricle	rna_seq,splice_junctions,splice_site_usage	4
UBERON:0006631	right atrium auricular region	tissue	adult		chip_histone,chip_tf,dnase,rna_seq,splice_junctions,splice_site_usage	16
UBERON:0006659	cruciate ligament of knee	tissue			cage	2
UBERON:0006920	esophagus squamous epithelium	tissue	adult		chip_histone,chip_tf,rna_seq,splice_junctions,splice_site_usage	17
UBERON:0007023	adult organism	primary_cell			cage	2
UBERON:0007106	chorionic villus	tissue	embryonic		chip_histone,rna_seq,splice_junctions,splice_site_usage	6
UBERON:0007190	paracentral gyrus	tissue			cage	2
UBERON:0007610	tibial artery	tissue	adult	Artery_Tibial	atac,chip_histone,chip_tf,dnase,rna_seq,splice_junctions,splice_site_usage	13
UBERON:0008198	nail plate	tissue			cage	2
UBERON:0008367	breast epithelium	tissue	adult		atac,chip_histone,chip_tf,dnase,rna_seq,splice_junctions,splice_site_usage	19
UBERON:0008450	psoas muscle	tissue	adult		atac,chip_histone,chip_tf,dnase,rna_seq,splice_junctions,splice_site_usage	18
UBERON:0008952	upper lobe of left lung	tissue	adult		atac,chip_histone,chip_tf,dnase,rna_seq,splice_junctions,splice_site_usage	19
UBERON:0008953	lower lobe of left lung	tissue	adult		atac,chip_histone,chip_tf,dnase,rna_seq,splice_junctions,splice_site_usage	14
UBERON:0008971	left colon	tissue	adult		atac,dnase,rna_seq,splice_junctions,splice_site_usage	7
UBERON:0009834	dorsolateral prefrontal cortex	tissue	adult		chip_histone,chip_tf,dnase,rna_seq,splice_junctions,splice_site_usage	17
UBERON:0009835	anterior cingulate cortex	tissue	adult	Brain_Anterior_cingulate_cortex_BA24	rna_seq,splice_junctions,splice_site_usage	4
UBERON:0010414	omental fat pad	tissue	adult		atac,chip_tf,dnase,rna_seq,splice_junctions,splice_site_usage	12
UBERON:0011907	gastrocnemius medialis	tissue	adult		atac,chip_histone,chip_tf,dnase,rna_seq,splice_junctions,splice_site_usage	18
UBERON:0012168	umbilical cord blood	primary_cell			cage	2
UBERON:0012249	ectocervix	tissue	adult	Cervix_Ectocervix	rna_seq,splice_junctions,splice_site_usage	4
UBERON:0012488	muscle layer of duodenum	tissue	adult		chip_histone	5
UBERON:0012489	muscle layer of colon	tissue	adult		chip_histone	5
UBERON:0013756	venous blood	tissue	adult	Whole_Blood	rna_seq,splice_junctions,splice_site_usage	4
UBERON:0013777	skin of palm of manus	tissue			cage	2
UBERON:0014455	subcutaneous abdominal adipose tissue	tissue	adult		chip_histone	7
UBERON:0015143	mesenteric fat pad	tissue	adult		atac,dnase,rna_seq,splice_junctions,splice_site_usage	7
UBERON:0018112	rectal smooth muscle tissue	tissue	adult		chip_histone	4
UBERON:0018115	left renal pelvis	tissue	embryonic		dnase,rna_seq,splice_junctions,splice_site_usage	5
UBERON:0018116	right renal pelvis	tissue	embryonic		dnase,rna_seq,splice_junctions,splice_site_usage	5
UBERON:0018117	left renal cortex interstitium	tissue	embryonic		dnase,rna_seq,splice_junctions,splice_site_usage	5
UBERON:0018118	right renal cortex interstitium	tissue	embryonic		dnase,rna_seq,splice_junctions,splice_site_usage	5
UBERON:0036149	suprapubic skin	tissue	adult		chip_histone,chip_tf,dnase,rna_seq,splice_junctions,splice_site_usage	18
UBERON:1000010	mole	tissue	unknown		rna_seq	2
UBERON:8300001	right forelimb	tissue	embryonic		dnase	1
UBERON:8300002	left forelimb	tissue	embryonic		dnase	1
UBERON:8300003	right hindlimb	tissue	embryonic		dnase	1
UBERON:8300004	left hindlimb	tissue	embryonic		dnase	1
